stage,destination_path,source_group,source_relative_description,provenance_type,role,file_size_bytes,width,height,intended_use,caveat
01_input_and_problem,outputs/project_evolution/demo3_case_study/01_input_and_problem/01_input_demo3.png,H2A2_refinement,Shows original photo,REPRODUCED_DEVELOPMENT_REPO_DEMO3,input,2686223,1085,1449,PUBLIC_REPO_CASE_STUDY,"qualitative controlled-case evidence, not dataset-level benchmark"
02_auto_mask_or_pipeline_output,outputs/project_evolution/demo3_case_study/02_auto_mask_or_pipeline_output/01_dl_mask.png,H2A3_pipeline,DL predicted mask,REPRODUCED_DEVELOPMENT_REPO_DEMO3,dl_mask,17650,1085,1449,PUBLIC_REPO_CASE_STUDY,"qualitative controlled-case evidence, not dataset-level benchmark"
02_auto_mask_or_pipeline_output,outputs/project_evolution/demo3_case_study/02_auto_mask_or_pipeline_output/02_cv_mask.png,H2A3_pipeline,CV classical mask,REPRODUCED_DEVELOPMENT_REPO_DEMO3,cv_mask,26459,1085,1449,PUBLIC_REPO_CASE_STUDY,"qualitative controlled-case evidence, not dataset-level benchmark"
02_auto_mask_or_pipeline_output,outputs/project_evolution/demo3_case_study/02_auto_mask_or_pipeline_output/03_union_or_refined_mask.png,H2A3_pipeline,Union mask before refine,REPRODUCED_DEVELOPMENT_REPO_DEMO3,union_mask,32067,1085,1449,PUBLIC_REPO_CASE_STUDY,"qualitative controlled-case evidence, not dataset-level benchmark"
04_hybrid_mask_construction,outputs/project_evolution/demo3_case_study/04_hybrid_mask_construction/01_r010_raw_or_predicted_mask.png,H2A2_refinement,Raw R010 probability mask,REPRODUCED_DEVELOPMENT_REPO_DEMO3,mask,497391,1085,1449,PUBLIC_REPO_CASE_STUDY,"qualitative controlled-case evidence, not dataset-level benchmark"
04_hybrid_mask_construction,outputs/project_evolution/demo3_case_study/04_hybrid_mask_construction/02_refined_mask_candidate.png,H2A2_refinement,Refined using close and dilate,REPRODUCED_DEVELOPMENT_REPO_DEMO3,mask,12626,1085,1449,PUBLIC_REPO_CASE_STUDY,"qualitative controlled-case evidence, not dataset-level benchmark"
04_hybrid_mask_construction,outputs/project_evolution/demo3_case_study/04_hybrid_mask_construction/04_overlay_final.png,H2A3_pipeline,Final mask overlaid on input,REPRODUCED_DEVELOPMENT_REPO_DEMO3,overlay,2895501,1085,1449,PUBLIC_REPO_CASE_STUDY,"qualitative controlled-case evidence, not dataset-level benchmark"
05_final_pipeline_output,outputs/project_evolution/demo3_case_study/05_final_pipeline_output/01_final_mask.png,H2A3_pipeline,Final restored mask used by LaMa,REPRODUCED_DEVELOPMENT_REPO_DEMO3,final_mask,31357,1085,1449,PUBLIC_REPO_CASE_STUDY,"qualitative controlled-case evidence, not dataset-level benchmark"
05_final_pipeline_output,outputs/project_evolution/demo3_case_study/05_final_pipeline_output/02_restored_before_face.png,H2A3_pipeline,Output after LaMa inpainting,REPRODUCED_DEVELOPMENT_REPO_DEMO3,restored,2866153,1088,1456,PUBLIC_REPO_CASE_STUDY,"qualitative controlled-case evidence, not dataset-level benchmark"
